statistic,cvrmse,nmbe
mean,43.64677135840505,-18.47430046209199
median,43.44678708977361,-18.921544497793832
std,2.8094837548657674,6.622174876938088
min,39.79814090241579,-28.26036408536355
max,48.22593031960479,-7.724383679902591
