statistic,cvrmse,nmbe
mean,45.51408568121947,-2.5788846899402436
median,45.13359453802295,-1.846864022946317
std,0.8364962220564273,6.974489961341754
min,44.76436799764588,-12.25225932058617
max,47.134294069506396,7.003152425370815
