statistic,cvrmse,nmbe
mean,47.75815226238343,-18.521317885663095
median,47.16854516995383,-17.552594932241444
std,2.485891936092805,5.819822241985226
min,44.63992927341153,-27.35322671744951
max,51.82580501179766,-10.573083289941017
