experiment_id,engine,ecm,n_samples,saving_abs_mean,saving_abs_median,saving_abs_std,saving_abs_q05,saving_abs_q95,saving_rel_mean,saving_rel_median,saving_rel_std,saving_rel_q05,saving_rel_q95
JUN11__ETHlib_default_occ,ETHlib,ECM-1_setpoint_19C,10,6.532794472483149,6.500498114466912,0.3121058082921791,6.172065278543539,6.964760272501899,39.06113140912807,39.45580588269615,1.344950521913316,37.235125186179346,40.671229325297595
JUN11__ETHlib_default_occ,ETHlib,ECM-2_reschedule_8_8_8,10,0.6438134092633356,0.6448940880731353,0.07518425769682946,0.5495562274222255,0.7403876110711254,3.8330135577932345,3.7695668056621012,0.21518323459297714,3.5701256912145394,4.118586380285237
JUN11__ETHlib_default_occ,ETHlib,ECM-3_setpoint_19C_reschedule_8_8_8,10,7.872447862414714,7.806665020720215,0.36738190825926104,7.456997385609851,8.359657500186756,47.067649499230356,47.43399159166337,1.424468901935978,45.21894891414852,48.82697798217852
JUN11__ETHlib_default_occ,ETHlib,ECM-4_setpoint_19C_default_infiltration,10,5.483281774008896,5.379222380488995,0.9121094242727006,4.584762764979747,6.939021337239486,32.586276203202345,32.086294122183205,3.5968742870820334,28.80692298458435,38.01737955795359
JUN11__ETHlib_default_occ,ETHlib,ECM-5_reschedule_8_8_8_default_infiltration,10,-0.729852086819901,-0.9354891268157663,1.0087578076317385,-1.730710936447699,0.7763709760968576,-4.643064383690473,-5.9378288077230685,6.102738456606969,-10.722280402745849,4.248204314987742
