experiment_id,engine,ecm,n_samples,saving_abs_mean,saving_abs_median,saving_abs_std,saving_abs_q05,saving_abs_q95,saving_rel_mean,saving_rel_median,saving_rel_std,saving_rel_q05,saving_rel_q95
JUN11__ETHlib_default_occ,ETHlib,ECM-1_setpoint_19C,10,5.769808508431625,5.782619784049659,0.17635948199082344,5.530975464507661,6.030875050605248,29.87513256773091,29.660406426051907,1.226994302212722,28.316520211756952,31.61173566110092
JUN11__ETHlib_default_occ,ETHlib,ECM-2_reschedule_8_8_8,10,1.5048394545021406,1.5132125254321576,0.11355047642205673,1.3360254906816986,1.6620624016502579,7.7704105715898475,7.792022207432063,0.1549086531398094,7.526914721303348,7.971290701806822
JUN11__ETHlib_default_occ,ETHlib,ECM-3_setpoint_19C_reschedule_8_8_8,10,6.688000479362645,6.703981449185431,0.21450562074399504,6.396437004334665,6.9802203414582,34.62016750366628,34.406544581504036,1.1929837548005142,33.11380300013704,36.329003746317774
JUN11__ETHlib_default_occ,ETHlib,ECM-4_setpoint_19C_default_infiltration,10,5.4011578884879015,5.260499090666092,0.5622313567380782,4.623370223119521,6.11576012659481,27.891244466080956,27.808527947090006,2.088433272849495,24.887954005727416,30.816080325127405
JUN11__ETHlib_default_occ,ETHlib,ECM-5_reschedule_8_8_8_default_infiltration,10,1.1202947875897293,1.0350229343970003,0.6080297190424789,0.31450976380897816,1.935836656424684,5.7002575376830835,5.428797001642538,2.9361229070576207,1.6956016075997322,9.603807840876515
