experiment_id,engine,ecm,n_samples,saving_abs_mean,saving_abs_median,saving_abs_std,saving_abs_q05,saving_abs_q95,saving_rel_mean,saving_rel_median,saving_rel_std,saving_rel_q05,saving_rel_q95
JUN11__ETHlib_default_occ,ETHlib,ECM-1_setpoint_19C,10,4.431775012007933,4.438375961880947,0.07988623217101923,4.3302710160716344,4.546308748901716,29.26869371948796,29.19106940424696,0.844711934271132,28.061474900340116,30.46571398010144
JUN11__ETHlib_default_occ,ETHlib,ECM-2_reschedule_8_8_8,10,1.258990987599431,1.254704301454309,0.0651550777625116,1.1610665694098765,1.3416697894208294,8.303326431729792,8.302289270639513,0.10517553318715464,8.13823676263815,8.431331044613835
JUN11__ETHlib_default_occ,ETHlib,ECM-3_setpoint_19C_reschedule_8_8_8,10,5.157856789162453,5.164678777687235,0.10768147094243409,5.017430158313405,5.314535724351361,34.057700538992584,33.98386824117887,0.7884606720760625,32.9325197611891,35.17711071000572
JUN11__ETHlib_default_occ,ETHlib,ECM-4_setpoint_19C_default_infiltration,10,5.449285935797529,5.477803608645032,0.37332018475915324,4.843602379203268,5.794531316592756,35.97122856718463,36.76404284194825,2.3159370851655776,32.285868744318954,38.12609936951656
JUN11__ETHlib_default_occ,ETHlib,ECM-5_reschedule_8_8_8_default_infiltration,10,2.2940994216220005,2.407789043702696,0.39308037770672716,1.6304264182905301,2.6248619153568846,15.123263147041959,16.14784036310334,2.4429201243987606,11.219007269144306,17.037896142596036
