{
  "selection_method": "top_n_by_metric",
  "top_n": 10,
  "metric": "cvrmse",
  "source_uq_json": "_json\\_run\\JUN9\\OAT.json",
  "selected_samples": [
    "sample_067",
    "sample_045",
    "sample_063",
    "sample_032",
    "sample_002",
    "sample_035",
    "sample_042",
    "sample_006",
    "sample_014",
    "sample_012"
  ],
  "parameters": {
    "sample_067": {
      "t_set_heating": 24.158298100388816,
      "ventilation_efficiency": 0.8843792560397428,
      "appliance_gains": 10.223144223154414,
      "infl_rate_m3ph_m2": 3.9369277320961586
    },
    "sample_045": {
      "t_set_heating": 24.73431480869968,
      "ventilation_efficiency": 0.7575285916347906,
      "appliance_gains": 13.0710747928809,
      "infl_rate_m3ph_m2": 3.545027839610861
    },
    "sample_063": {
      "t_set_heating": 23.690710675442247,
      "ventilation_efficiency": 0.8196529421760994,
      "appliance_gains": 11.555083859144618,
      "infl_rate_m3ph_m2": 4.562650187364953
    },
    "sample_032": {
      "t_set_heating": 23.3056305117445,
      "ventilation_efficiency": 0.736897534427833,
      "appliance_gains": 13.280687667654217,
      "infl_rate_m3ph_m2": 4.237109516222679
    },
    "sample_002": {
      "t_set_heating": 24.035111378471797,
      "ventilation_efficiency": 0.8400914161813622,
      "appliance_gains": 12.961056928537868,
      "infl_rate_m3ph_m2": 4.2842787138944605
    },
    "sample_035": {
      "t_set_heating": 22.36935128260965,
      "ventilation_efficiency": 0.7931913621114641,
      "appliance_gains": 9.72303603187632,
      "infl_rate_m3ph_m2": 3.598345400001551
    },
    "sample_042": {
      "t_set_heating": 24.616740490713894,
      "ventilation_efficiency": 0.8086090414355158,
      "appliance_gains": 13.54551687361666,
      "infl_rate_m3ph_m2": 3.903834970558714
    },
    "sample_006": {
      "t_set_heating": 24.385400787291037,
      "ventilation_efficiency": 0.771170527619513,
      "appliance_gains": 10.359324421264361,
      "infl_rate_m3ph_m2": 3.682137577573556
    },
    "sample_014": {
      "t_set_heating": 23.437372940362273,
      "ventilation_efficiency": 0.7812568092877799,
      "appliance_gains": 10.08070101746784,
      "infl_rate_m3ph_m2": 4.064385419379561
    },
    "sample_012": {
      "t_set_heating": 23.3276127208535,
      "ventilation_efficiency": 0.701982133659387,
      "appliance_gains": 10.452496897394074,
      "infl_rate_m3ph_m2": 3.514233437921395
    }
  }
}