"PARAMETER","ESTIMATE","LOWER","UPPER"
"t_set_heating",23.0828786481642,22.2918918903245,23.0891228635559
"window_opening_ach",0.125983316873338,0.0283769208196466,0.199044608555982
