"PARAMETER","ESTIMATE","LOWER","UPPER"
"t_set_heating",23.0741991581461,22.2645910537894,23.0891282907372
"window_opening_ach",0.118756303387042,0.0281125590960903,0.194057603160776
