"PARAMETER","ESTIMATE","LOWER","UPPER"
"t_set_heating",23.0725440411489,21.8381083015816,23.074449245247
"window_opening_ach",0.0786890231061746,0.0262407324152834,0.212335754362035
"infl_rate_m3ph_m2",4.1880175419897,3.64707975078429,4.39660443690333
