"PARAMETER","ESTIMATE","LOWER","UPPER"
"t_set_heating",20.8116994809455,20.1442113147758,21.4996909995281
"infl_rate_m3ph_m2",4.49519205623101,3.81826864492588,4.79718812417494
"window_opening_ach",0.184942195759781,0.0839986985798292,0.199393528850343
