"PARAMETER","ESTIMATE","LOWER","UPPER"
"t_set_heating",21.7288723881766,21.2477158100668,22.3710118533459
"infl_rate_m3ph_m2",4.51247853534314,3.3949949056042,4.79728727257975
"window_opening_ach",0.148547944652021,0.0340420808311747,0.199407941722019
