"PARAMETER","ESTIMATE","LOWER","UPPER"
"t_set_heating",22.4687027421001,21.4742400756097,23.9634921557316
"infl_rate_m3ph_m2",3.24049626998796,3.22714479521835,4.73961170935284
"window_opening_ach",0.0282916477854561,0.00110008809599172,0.17061383626712
"atrium_ach",2.38152893240382,1.66480555805078,2.39648036957113
