"PARAMETER","ESTIMATE","LOWER","UPPER"
"t_set_heating",23.0738853060044,21.7436834334159,23.0744473167071
"window_opening_ach",0.22059958878789,0.0395630629582644,0.224648476234
"infl_rate_m3ph_m2",4.24083901890142,3.64697894940427,4.3976256429218
