"PARAMETER","ESTIMATE","LOWER","UPPER"
"t_set_heating",23.0633160243352,22.7966261003858,23.0744494994352
"window_opening_ach",0.0265954948321331,0.0262343313432917,0.0764645110732595
"infl_rate_m3ph_m2",4.39273143840472,3.75689077022035,4.39763025076102
