"PARAMETER","ESTIMATE","LOWER","UPPER"
"t_set_heating",23.9630548004686,23.7091016241423,23.9634999929911
"infl_rate_m3ph_m2",4.7935295682823,3.26963310894946,4.79730816928073
"window_opening_ach",0.197720694726006,0.0171647512778583,0.199407284413348
"atrium_ach",2.3878503400204,1.86100634683527,2.39672503396469
