"PARAMETER","ESTIMATE","LOWER","UPPER"
"t_set_heating",23.5452517402793,23.08410360934,23.9630168188419
"infl_rate_m3ph_m2",3.22038236401532,3.20989111540051,4.23254758193663
"window_opening_ach",0.00390074400374118,0.00108751092935075,0.0880259270128539
"atrium_ach",2.3687262783579,1.64118123135165,2.39622403721913
