"PARAMETER","ESTIMATE","LOWER","UPPER"
"t_set_heating",23.9535164568804,23.5939681748135,23.9634065671617
"infl_rate_m3ph_m2",4.77455275614598,3.73165662756217,4.79727584057747
"window_opening_ach",0.190168721584865,0.03964004836322,0.199403630343087
"atrium_ach",2.24957676315147,1.80665196502776,2.3966486491847
