"PARAMETER","ESTIMATE","LOWER","UPPER"
"t_set_heating",23.8902802754848,23.4309230463889,23.9634872272635
"infl_rate_m3ph_m2",4.77835233041986,3.25161392667065,4.79725434954635
"window_opening_ach",0.00182907132698743,0.00108796876129146,0.170818807241063
"atrium_ach",2.38780395918459,1.72345020923799,2.39672197117392
