"PARAMETER","ESTIMATE","LOWER","UPPER"
"t_set_heating",23.6846485492379,23.0443277952285,23.9633670799558
"infl_rate_m3ph_m2",3.22258935290802,3.20988043923437,3.81703750624587
"window_opening_ach",0.00579422907800608,0.001089684417595,0.0759621905769141
"atrium_ach",1.89106145809586,1.60583503280276,2.23367666872781
