statistic,cvrmse,nmbe
mean,39.282641213286624,-8.988483304475153
median,38.750146741344736,-8.287412830572492
std,1.2496153867777122,5.512924251697929
min,38.05316931648798,-16.927251720681504
max,41.57690463681651,0.9380680448751513
