statistic,cvrmse,nmbe
mean,43.87304251920271,-15.540535529968441
median,42.98998796405605,-15.333696150386361
std,3.2060984792640075,8.485548042133077
min,40.597180077255814,-26.91013117746572
max,48.76174538309838,-4.144987974247141
