statistic,cvrmse,nmbe
mean,46.759720750914404,-22.91092504796416
median,47.27957385135869,-24.02218187057771
std,1.3591128443507112,2.7398354550808963
min,44.21883013724138,-25.409771669179072
max,48.02775362924058,-17.547070051588285
