experiment_id,engine,ecm,n_samples,saving_abs_mean,saving_abs_median,saving_abs_std,saving_abs_q05,saving_abs_q95,saving_rel_mean,saving_rel_median,saving_rel_std,saving_rel_q05,saving_rel_q95
JUN11__ETHlib_3R2C_ONSITE_occ,ETHlib_3R2C,ECM-1_setpoint_19C,10,6.311439303617493,6.348470447595015,0.5333735180382395,5.568613233653102,6.976493756014049,33.43027275107364,33.490390777208795,0.7322912152582263,32.399414226981655,34.267130536806214
JUN11__ETHlib_3R2C_ONSITE_occ,ETHlib_3R2C,ECM-2_reschedule_8_8_8,10,0.36610342293961506,0.3414759730432362,0.042318047813261525,0.32858736207398087,0.42763715705988026,1.9370956766022078,1.9267253408871912,0.11945255765058245,1.797126722926181,2.117388816417411
JUN11__ETHlib_3R2C_ONSITE_occ,ETHlib_3R2C,ECM-3_setpoint_19C_reschedule_8_8_8,10,7.818223200007401,7.862281154011647,0.5789002732028137,7.0201952019359615,8.536809339396841,41.43819878500675,41.58292763027239,0.6186229754272798,40.5843743013389,42.21205670317424
JUN11__ETHlib_3R2C_ONSITE_occ,ETHlib_3R2C,ECM-4_setpoint_19C_default_infiltration,10,5.267027230502388,5.408604069443965,1.0110566810810453,3.869282462719803,6.670781203413081,27.717528752133983,28.15243032968195,3.5462204839200173,22.26470626482869,32.208115603856285
JUN11__ETHlib_3R2C_ONSITE_occ,ETHlib_3R2C,ECM-5_reschedule_8_8_8_default_infiltration,10,-1.0293102873469735,-1.0246213629792393,0.7376770311825853,-2.1080551994440837,0.04993395834036651,-5.692495514766835,-5.227815431830782,4.246788959164967,-12.116480180518312,0.2416210041997069
