experiment_id,engine,ecm,n_samples,saving_abs_mean,saving_abs_median,saving_abs_std,saving_abs_q05,saving_abs_q95,saving_rel_mean,saving_rel_median,saving_rel_std,saving_rel_q05,saving_rel_q95
JUN11__ETHlib_3R2C_ONSITE_occ,ETHlib_3R2C,ECM-1_setpoint_19C,10,4.763036033917317,4.770622229021067,0.14312370554513032,4.566389943449685,4.95037094682428,27.03028669515295,26.90293875512171,0.7416331947522864,26.134471693877003,28.051095570007778
JUN11__ETHlib_3R2C_ONSITE_occ,ETHlib_3R2C,ECM-2_reschedule_8_8_8,10,1.0758568049260622,1.0970918162887031,0.0850413600413222,0.9469671945585383,1.170603127851267,6.090630654647125,6.144979124628687,0.17678627911431674,5.815698612515488,6.2765052356082345
JUN11__ETHlib_3R2C_ONSITE_occ,ETHlib_3R2C,ECM-3_setpoint_19C_reschedule_8_8_8,10,5.450349756793179,5.44410476170694,0.18084783677632787,5.192001195895798,5.683989533952025,30.924672242600884,30.80151914796855,0.6994695271135078,30.083792601710144,31.89350951228217
JUN11__ETHlib_3R2C_ONSITE_occ,ETHlib_3R2C,ECM-4_setpoint_19C_default_infiltration,10,5.609758067164673,5.878069813473031,0.7271069367931953,4.412179413755656,6.339890285084311,31.69027592456316,32.419579674626725,2.732659458358886,27.083577578496683,34.29052960364345
JUN11__ETHlib_3R2C_ONSITE_occ,ETHlib_3R2C,ECM-5_reschedule_8_8_8_default_infiltration,10,1.967266385627994,2.3017792500558745,0.7148580376608016,0.7820132212832295,2.6280561469100623,10.99707902031074,12.697736914407676,3.665844990987652,4.799441584526198,14.11503478349274
