experiment_id,engine,ecm,n_samples,saving_abs_mean,saving_abs_median,saving_abs_std,saving_abs_q05,saving_abs_q95,saving_rel_mean,saving_rel_median,saving_rel_std,saving_rel_q05,saving_rel_q95
JUN11__ETHlib_3R2C_ONSITE_occ,ETHlib_3R2C,ECM-1_setpoint_19C,10,3.299954873132818,3.3162832469978483,0.05592936409680565,3.2170162569899983,3.361817537584071,25.15008397811878,25.221673914047265,0.38021548586320514,24.53528162625632,25.57659758865119
JUN11__ETHlib_3R2C_ONSITE_occ,ETHlib_3R2C,ECM-2_reschedule_8_8_8,10,0.6881837148582683,0.6979848420834456,0.02486100701764953,0.6439107529489039,0.7103207281239017,5.2423464987634265,5.2708565524641156,0.07481783447476832,5.111797151103581,5.313521631028472
JUN11__ETHlib_3R2C_ONSITE_occ,ETHlib_3R2C,ECM-3_setpoint_19C_reschedule_8_8_8,10,3.837580509346233,3.853581237658771,0.06228202587447328,3.7379912458202105,3.905912251314029,29.247074497105853,29.299903880307067,0.3838370377129287,28.640691831367366,29.697306452059102
JUN11__ETHlib_3R2C_ONSITE_occ,ETHlib_3R2C,ECM-4_setpoint_19C_default_infiltration,10,2.0898371078151263,2.1183920927354167,0.13125743344827415,1.921002611196439,2.2737826741294875,15.91494014713372,15.941861847586276,0.7448166078552582,14.963333801984936,17.068609300460096
JUN11__ETHlib_3R2C_ONSITE_occ,ETHlib_3R2C,ECM-5_reschedule_8_8_8_default_infiltration,10,-0.6055215259483384,-0.6028258188550897,0.1406321886116571,-0.7747423348122404,-0.43275142869670347,-4.631973175555812,-4.536876174895901,1.1547804205802672,-6.040103948365962,-3.236767571869805
