"PARAMETER","ESTIMATE","LOWER","UPPER"
"t_set_heating",23.9430361080707,23.5718995665536,23.9634204951627
"infl_rate_m3ph_m2",4.43965843531137,3.86068980244745,4.79688425956043
"window_opening_ach",0.18855606476536,0.0522393329065756,0.199238945304141
"atrium_ach",2.17224544000587,1.73993435038795,2.39606063825627
