"PARAMETER","ESTIMATE","LOWER","UPPER"
"t_set_heating",23.0489033525389,22.841969096055,23.0744493023928
"window_opening_ach",0.108021657558931,0.0446048906867523,0.224108124839796
"infl_rate_m3ph_m2",4.29164999503146,3.70007491228077,4.39711222012997
