"PARAMETER","ESTIMATE","LOWER","UPPER"
"t_set_heating",23.8916033315446,23.1382118054314,23.9634796572426
"infl_rate_m3ph_m2",3.2658516355314,3.20999780097537,4.57665325086539
"window_opening_ach",0.0210654177511964,0.00111562855965502,0.178761647276217
"atrium_ach",1.70253711411711,1.60585686121762,2.19082682636688
