statistic,cvrmse,nmbe
mean,29.96684517586189,-3.3230093701528487
median,29.962510534472116,-6.074930510354451
std,1.8490722920635847,10.435243600601753
min,27.779720881731194,-16.110692311525636
max,33.210793312061256,13.340776812427887
