statistic,cvrmse,nmbe
mean,29.881617715136873,-7.751588570487179
median,28.776436875803874,-5.598782022102599
std,2.4780009669189242,5.734702550762688
min,27.955458866916455,-20.705462432451974
max,36.084234140419014,-1.8920598938127606
