statistic,cvrmse,nmbe
mean,29.0267751124028,6.00324143340795
median,28.80682072255763,6.556104292416449
std,0.7540854022410254,5.437009380948382
min,28.22494626571509,-3.2522136832465165
max,30.550330421598538,14.435508686876988
