experiment_id,engine,ecm,n_samples,saving_abs_mean,saving_abs_median,saving_abs_std,saving_abs_q05,saving_abs_q95,saving_rel_mean,saving_rel_median,saving_rel_std,saving_rel_q05,saving_rel_q95
JUN11__ETHlib_bldg_LoD_Y,ETHlib,ECM-1_setpoint_19C,10,4.851244148266423,4.557827176791018,1.2345839863545207,3.6624841167198086,6.965382367239109,28.547289946873725,27.8206464432362,5.369167620635564,22.52137870961871,37.79624811321932
JUN11__ETHlib_bldg_LoD_Y,ETHlib,ECM-2_reschedule_8_8_8,10,1.4726027818537126,1.5348420576525026,0.187664065585261,1.212640716014272,1.6786663892463813,8.799705954330316,8.918055025643916,1.3195552897589768,6.589955811226164,10.30736177449266
JUN11__ETHlib_bldg_LoD_Y,ETHlib,ECM-3_setpoint_19C_reschedule_8_8_8,10,7.092070675239301,6.789236894927203,1.2437754155316925,5.841287898659816,9.143991082547887,41.893061337219294,41.04852765273024,4.533544082883085,36.77337491756022,49.60345981295387
JUN11__ETHlib_bldg_LoD_Y,ETHlib,ECM-4_setpoint_19C_default_infiltration,10,3.9566909058550586,3.93178522841035,1.2407172738441752,2.3319884211916544,5.712240045518697,23.258048381753966,24.85145140982455,6.0368370687435355,14.325390595800876,30.904643615014315
JUN11__ETHlib_bldg_LoD_Y,ETHlib,ECM-5_reschedule_8_8_8_default_infiltration,10,0.41251806177568395,0.12244706546439588,1.0330697814921832,-0.809289395573106,1.9034461279299986,2.5519585987257294,0.6530608685082154,6.282879290931929,-4.530186703365047,11.728778164668526
