experiment_id,engine,ecm,n_samples,saving_abs_mean,saving_abs_median,saving_abs_std,saving_abs_q05,saving_abs_q95,saving_rel_mean,saving_rel_median,saving_rel_std,saving_rel_q05,saving_rel_q95
JUN11__ETHlib_bldg_LoD_Y,ETHlib,ECM-1_setpoint_19C,10,3.3230901858278705,3.30753989985835,0.26301148020805853,3.0025914564665435,3.736979261531693,18.914810782325322,18.930841799887922,1.553206057880391,16.622984421504896,20.997981183584095
JUN11__ETHlib_bldg_LoD_Y,ETHlib,ECM-2_reschedule_8_8_8,10,1.9460105137647852,1.9111269860883002,0.09474614014311528,1.8538772185550092,2.0968691388296516,11.061713602027382,11.082625621253406,0.048877089424516046,10.983965342169027,11.104884841707836
JUN11__ETHlib_bldg_LoD_Y,ETHlib,ECM-3_setpoint_19C_reschedule_8_8_8,10,4.883271725094813,4.823282143036371,0.26894501704065743,4.569770908054441,5.28068068277241,27.78577739713082,27.89713324375823,1.492554360618737,25.5199622984538,29.67741099709672
JUN11__ETHlib_bldg_LoD_Y,ETHlib,ECM-4_setpoint_19C_default_infiltration,10,3.715964112760541,3.6557616304091036,0.8942902854537322,2.502592765166833,5.004026153218717,20.993188337366142,21.349599075324143,4.222813651541221,14.75091742311929,26.266892867260932
JUN11__ETHlib_bldg_LoD_Y,ETHlib,ECM-5_reschedule_8_8_8_default_infiltration,10,2.3237946024485066,2.189519369167705,0.8215671123784635,1.2496313623900548,3.570149465340384,13.060487967659617,12.848829739880234,3.966771582866657,7.357161857645249,18.62591750843026
