experiment_id,engine,ecm,n_samples,saving_abs_mean,saving_abs_median,saving_abs_std,saving_abs_q05,saving_abs_q95,saving_rel_mean,saving_rel_median,saving_rel_std,saving_rel_q05,saving_rel_q95
JUN11__ETHlib_bldg_LoD_Y,ETHlib,ECM-1_setpoint_19C,10,3.5734492938620237,3.6146041027326508,0.12195418299284336,3.3871992587388458,3.7049509211997336,27.111491294148813,27.09891791897866,1.1261047065130132,25.517286759946934,28.692920324316127
JUN11__ETHlib_bldg_LoD_Y,ETHlib,ECM-2_reschedule_8_8_8,10,1.4351436576089092,1.437072024231779,0.08073258635881166,1.3188926258467326,1.5392343157077342,10.869917994222522,10.878885563490801,0.07953396642253413,10.743626180252777,10.943897444596562
JUN11__ETHlib_bldg_LoD_Y,ETHlib,ECM-3_setpoint_19C_reschedule_8_8_8,10,4.63105580838546,4.650125803747353,0.15257846119774193,4.402889416506438,4.821369777338482,35.1248996523839,35.10037409455175,1.093116534201949,33.61013770407846,36.68876452762957
JUN11__ETHlib_bldg_LoD_Y,ETHlib,ECM-4_setpoint_19C_default_infiltration,10,4.391198686076321,4.570575046551061,0.6302729504064015,3.367170777864012,5.014047044621363,33.15027147387684,34.175682277658154,3.6516170219201545,27.153100809458248,36.643646351097914
JUN11__ETHlib_bldg_LoD_Y,ETHlib,ECM-5_reschedule_8_8_8_default_infiltration,10,2.23944384273558,2.4386904379260814,0.6350670785983629,1.1752207242477588,2.7910617602536534,16.809165193750253,18.51057993254143,4.383365235280328,9.350012321014024,20.33271815046274
