statistic,cvrmse,nmbe
mean,44.601556975879134,-2.229991937099957
median,44.65270758785982,-3.4379823042001476
std,0.2890404685694926,4.901577316684336
min,44.12999879161682,-8.457798027840179
max,45.20897035299487,6.487523158092795
