statistic,cvrmse,nmbe
mean,65.50703244827703,-51.341202104029286
median,64.88929390657111,-50.67560697063456
std,4.4000338062500965,5.531772896062708
min,59.699957695587536,-60.97224497406039
max,73.2807860490557,-43.84973315476473
