statistic,cvrmse,nmbe
mean,51.59753790952241,-27.601829284284797
median,51.61981257966207,-28.126202850682077
std,3.6574820507764367,6.872591871773631
min,45.98440100693588,-36.54444198044317
max,56.73818970980087,-16.09474261461972
