experiment_id,engine,ecm,n_samples,saving_abs_mean,saving_abs_median,saving_abs_std,saving_abs_q05,saving_abs_q95,saving_rel_mean,saving_rel_median,saving_rel_std,saving_rel_q05,saving_rel_q95
JUN11__ETHlib_3R2C_default_occ,ETHlib_3R2C,ECM-1_setpoint_19C,10,6.8769256869962785,6.843175079708921,0.16568274010480752,6.685531975505413,7.127969545172241,27.841388123115895,27.958584931758587,0.612684157935821,26.8608656132398,28.535603502243386
JUN11__ETHlib_3R2C_default_occ,ETHlib_3R2C,ECM-2_reschedule_8_8_8,10,1.5842233236703245,1.572954424096988,0.08341665532500625,1.476517962002275,1.7119774027313222,6.406830184258635,6.390378553902902,0.10236622547604284,6.27167494633634,6.559483978296171
JUN11__ETHlib_3R2C_default_occ,ETHlib_3R2C,ECM-3_setpoint_19C_reschedule_8_8_8,10,7.927457357222721,7.912054862780828,0.19781404403532865,7.684956584581817,8.21340048758691,32.09177498680113,32.20709439390212,0.5916468205910775,31.149157399527144,32.76293730285685
JUN11__ETHlib_3R2C_default_occ,ETHlib_3R2C,ECM-4_setpoint_19C_default_infiltration,10,7.96667103918473,8.196148047143694,0.6944833359519594,6.980518910580126,8.82541678794168,32.21086281773525,32.266201829395,2.2069978355962143,28.98544337465649,34.673194466876
JUN11__ETHlib_3R2C_default_occ,ETHlib_3R2C,ECM-5_reschedule_8_8_8_default_infiltration,10,2.7498977396710673,3.04748125174625,0.6689600449399469,1.785074667214865,3.4904815160476583,11.08179236676935,12.244490280077066,2.4793413259962196,7.389730022737376,13.69158628261999
