experiment_id,engine,ecm,n_samples,saving_abs_mean,saving_abs_median,saving_abs_std,saving_abs_q05,saving_abs_q95,saving_rel_mean,saving_rel_median,saving_rel_std,saving_rel_q05,saving_rel_q95
JUN11__ETHlib_3R2C_default_occ,ETHlib_3R2C,ECM-1_setpoint_19C,10,3.3694885337299163,3.3699084755103295,0.04375983941846194,3.307874880149425,3.427060617235457,27.30751031427011,27.24765647189865,0.28870244303959197,26.92825393962896,27.696810766237046
JUN11__ETHlib_3R2C_default_occ,ETHlib_3R2C,ECM-2_reschedule_8_8_8,10,0.6971969112367484,0.6996749187715094,0.017146222095980938,0.6734036238500029,0.718557693018845,5.649145620690639,5.658756235700042,0.05194941991599539,5.572550071607589,5.710181360005742
JUN11__ETHlib_3R2C_default_occ,ETHlib_3R2C,ECM-3_setpoint_19C_reschedule_8_8_8,10,3.9154895880222136,3.912875728157794,0.04835192838075143,3.8463535854429245,3.980174449537105,31.732307539392263,31.665997117738236,0.28817979466518706,31.3656817488648,32.13161598749233
JUN11__ETHlib_3R2C_default_occ,ETHlib_3R2C,ECM-4_setpoint_19C_default_infiltration,10,2.441336611605719,2.4065755694444233,0.17685070385323848,2.2354409068217422,2.722894820308104,19.777065391465335,19.674657944150443,1.2782513464236063,18.147459927224148,21.756333924231573
JUN11__ETHlib_3R2C_default_occ,ETHlib_3R2C,ECM-5_reschedule_8_8_8_default_infiltration,10,-0.310175384066933,-0.3400793044653643,0.1891958701569219,-0.5544239056707753,-0.026129566597941273,-2.524406802027216,-2.754701412805153,1.5417289403481744,-4.496080613415067,-0.21631921256446224
