experiment_id,engine,ecm,n_samples,saving_abs_mean,saving_abs_median,saving_abs_std,saving_abs_q05,saving_abs_q95,saving_rel_mean,saving_rel_median,saving_rel_std,saving_rel_q05,saving_rel_q95
JUN11__ETHlib_3R2C_default_occ,ETHlib_3R2C,ECM-1_setpoint_19C,10,5.876529525499804,5.806698970653452,0.3839970087284148,5.389635225006208,6.376145011525424,35.19085807886936,34.85805205513739,1.2606257309321414,33.56166394300237,36.86077452287431
JUN11__ETHlib_3R2C_default_occ,ETHlib_3R2C,ECM-2_reschedule_8_8_8,10,0.3676294087760962,0.36249867578118966,0.03920690145777048,0.3184694174602905,0.41226249544602656,2.201887072548593,2.2300880197844037,0.20730683065318864,1.9540709867474333,2.4743104632234507
JUN11__ETHlib_3R2C_default_occ,ETHlib_3R2C,ECM-3_setpoint_19C_reschedule_8_8_8,10,7.355978983620901,7.307831154461094,0.402006134852319,6.843135764149709,7.868068558483102,44.06416099384991,43.90346291899914,1.1689995799021258,42.54758433663577,45.48403540948133
JUN11__ETHlib_3R2C_default_occ,ETHlib_3R2C,ECM-4_setpoint_19C_default_infiltration,10,4.5331512296069505,4.6131898774314655,0.5364585316041104,3.7512880111362006,5.142520184124811,27.085622809611145,27.53399461629418,2.1982980435299044,24.123612127241046,29.86510988314958
JUN11__ETHlib_3R2C_default_occ,ETHlib_3R2C,ECM-5_reschedule_8_8_8_default_infiltration,10,-1.4139930367207758,-1.3231194775450241,0.40969067585199387,-2.0069439774066478,-0.8966652541990403,-8.54458281570718,-7.639382224569744,2.7606973170667404,-12.689719866303191,-5.392379583393833
