statistic,cvrmse,nmbe
mean,44.53602857281105,-14.858397928227479
median,43.33607234792065,-13.301848749842378
std,2.930436714299549,8.228203757181255
min,40.75680342267704,-25.656108384398497
max,49.079616768963454,0.35613405287904165
