statistic,cvrmse,nmbe
mean,39.76064475401025,-15.829569194000353
median,39.876708685911936,-16.51097715804064
std,1.9585256410791543,4.873597189982192
min,37.56593431365119,-23.927469638559717
max,43.43285397698302,-10.109192116579386
