statistic,cvrmse,nmbe
mean,41.029684543513994,-9.45360465003907
median,40.822234034122815,-9.238946259593513
std,1.3032345295830752,4.384622651107196
min,39.49181153001479,-16.523337993961047
max,43.29053826707074,-3.856059066594307
