experiment_id,engine,ecm,n_samples,saving_abs_mean,saving_abs_median,saving_abs_std,saving_abs_q05,saving_abs_q95,saving_rel_mean,saving_rel_median,saving_rel_std,saving_rel_q05,saving_rel_q95
JUN11__ETHlib_ONSITE_occ,ETHlib,ECM-1_setpoint_19C,10,3.7480623954408734,3.749113502577112,0.1571664263840396,3.5301539992307878,3.9873544002261117,31.56445744803782,31.77323067830457,1.3433786894333462,29.807323364300974,32.950909177727915
JUN11__ETHlib_ONSITE_occ,ETHlib,ECM-2_reschedule_8_8_8,10,0.828124474104933,0.8232889073650265,0.087068063533523,0.7228645813993673,0.9537475988361366,6.94368530255132,6.940716397483417,0.2543557947801224,6.624601591197595,7.284194779434233
JUN11__ETHlib_ONSITE_occ,ETHlib,ECM-3_setpoint_19C_reschedule_8_8_8,10,4.256947153531059,4.234586597966693,0.18559811800613898,4.0181027678624055,4.547660880079221,35.83993679391186,36.02998460624711,1.305430818949929,34.13894440014315,37.17902011463862
JUN11__ETHlib_ONSITE_occ,ETHlib,ECM-4_setpoint_19C_default_infiltration,10,2.663261001455281,2.5725613341544467,0.4417739024286709,2.2489756290461136,3.3618234617673384,22.334590876104265,21.024011216864047,2.924345491305785,20.070642182656872,27.167623165926383
JUN11__ETHlib_ONSITE_occ,ETHlib,ECM-5_reschedule_8_8_8_default_infiltration,10,-0.30515355548264955,-0.34970960439396936,0.4179753617983009,-0.6713485945330537,0.3565146179773183,-2.70569386808544,-2.7477239245491853,3.5635240352302042,-6.167709744000437,2.8108164291031
