experiment_id,engine,ecm,n_samples,saving_abs_mean,saving_abs_median,saving_abs_std,saving_abs_q05,saving_abs_q95,saving_rel_mean,saving_rel_median,saving_rel_std,saving_rel_q05,saving_rel_q95
JUN11__ETHlib_ONSITE_occ,ETHlib,ECM-1_setpoint_19C,10,3.0607765951152763,3.052928599011663,0.06699692394119813,2.974265155309587,3.169289774354587,26.210211621642134,26.105898040353114,0.6452370970779612,25.45772562465793,27.162872118715114
JUN11__ETHlib_ONSITE_occ,ETHlib,ECM-2_reschedule_8_8_8,10,0.8183563396808914,0.8160929259928462,0.046638856763564114,0.7643847649065701,0.8932265751489947,6.998204089034568,6.996752618286644,0.11659713236228754,6.857320317128546,7.181266882778454
JUN11__ETHlib_ONSITE_occ,ETHlib,ECM-3_setpoint_19C_reschedule_8_8_8,10,3.594854526377587,3.5814717778598717,0.08625220548650031,3.4913930865221454,3.7388986504910573,30.779744443821862,30.684965280154096,0.6273808201746175,30.038805765600216,31.700961918600655
JUN11__ETHlib_ONSITE_occ,ETHlib,ECM-4_setpoint_19C_default_infiltration,10,1.8763853826589467,1.879963091942229,0.1646547294863899,1.6925859292116106,2.1332418878783272,16.053903819034723,16.05453132945798,1.2302058329504095,14.692599121699102,17.83622454871792
JUN11__ETHlib_ONSITE_occ,ETHlib,ECM-5_reschedule_8_8_8_default_infiltration,10,-0.38001687828990904,-0.3868484632258058,0.15812770153199648,-0.5789587896642997,-0.13514153709849108,-3.2802671648773702,-3.4250064521396846,1.428525750035057,-5.075575092031102,-1.1086860626339734
