experiment_id,engine,ecm,n_samples,saving_abs_mean,saving_abs_median,saving_abs_std,saving_abs_q05,saving_abs_q95,saving_rel_mean,saving_rel_median,saving_rel_std,saving_rel_q05,saving_rel_q95
JUN11__ETHlib_ONSITE_occ,ETHlib,ECM-1_setpoint_19C,10,6.890907786174855,6.875196142434131,0.4173629619043206,6.282099548390327,7.388780773955132,36.77325113329742,37.00182528833967,0.8758809559870369,35.52911575216137,37.958811913299186
JUN11__ETHlib_ONSITE_occ,ETHlib,ECM-2_reschedule_8_8_8,10,0.653835381808852,0.6432790272601867,0.06829572301505646,0.5574941707086876,0.7428532934367711,3.479311475803736,3.4511943111293633,0.14566668492304635,3.2714975587735005,3.682537407873719
JUN11__ETHlib_ONSITE_occ,ETHlib,ECM-3_setpoint_19C_reschedule_8_8_8,10,8.269687878480351,8.221953572267466,0.4828547158163035,7.575704293439854,8.843281629753784,44.134030291696966,44.28940845409468,0.9407980172344205,42.81900357414912,45.486343090079934
JUN11__ETHlib_ONSITE_occ,ETHlib,ECM-4_setpoint_19C_default_infiltration,10,6.284291051122686,6.069467102939246,1.145031838772384,4.91376133499737,7.992107328946624,33.29984783374883,33.765460196454484,4.018082316146242,28.23651899553769,39.470980392595855
JUN11__ETHlib_ONSITE_occ,ETHlib,ECM-5_reschedule_8_8_8_default_infiltration,10,-0.14705599111972595,-0.1464943687344622,1.1669266311054616,-1.5157138462334034,1.764699273790305,-1.1053250047005174,-0.8194679610643797,6.2210974577066995,-8.872734374432518,8.69807968405949
