"PARAMETER","ESTIMATE","LOWER","UPPER"
"t_set_heating",23.9497968778634,23.4886445809809,23.963473867757
"infl_rate_m3ph_m2",3.22990789870419,3.20993159260829,4.70547111897614
"window_opening_ach",0.00190253732727653,0.00108866301998481,0.0944803552816296
"atrium_ach",2.34986667775332,1.65854435267453,2.39672041920213
