"PARAMETER","ESTIMATE","LOWER","UPPER"
"t_set_heating",23.7178144904025,23.2126687842546,23.963227753343
"infl_rate_m3ph_m2",3.26221723946006,3.20991856190953,4.20481478414853
"window_opening_ach",0.0251867501139315,0.00110054184018367,0.0885312493810219
"atrium_ach",2.39407745077661,1.99915468283766,2.39671474651639
