"PARAMETER","ESTIMATE","LOWER","UPPER"
"t_set_heating",23.0649834285786,22.8273795059462,23.0744498805751
"window_opening_ach",0.0272009653361896,0.0262346074640168,0.0794291919511617
"infl_rate_m3ph_m2",3.63686225429513,3.60446023264535,4.36218057039022
