"PARAMETER","ESTIMATE","LOWER","UPPER"
"t_set_heating",22.057662970163,21.6189952634266,23.9633980794322
"infl_rate_m3ph_m2",4.38631982934331,3.32194389160161,4.79728475871526
"window_opening_ach",0.0339416596757838,0.00109123806450537,0.159955176359767
"atrium_ach",2.31507237582622,1.65580657193785,2.39671159775342
