"PARAMETER","ESTIMATE","LOWER","UPPER"
"t_set_heating",23.074169274679,21.5178186484099,23.0744501320819
"window_opening_ach",0.0304260861344463,0.0262351471221706,0.206942543868293
"infl_rate_m3ph_m2",4.31087304732549,3.65592220848926,4.39757117388519
