"PARAMETER","ESTIMATE","LOWER","UPPER"
"t_set_heating",21.9889265400407,21.196398051646,23.1034840511751
"infl_rate_m3ph_m2",4.78014961459787,3.29889280327368,4.79723740590554
"window_opening_ach",0.0659564217109445,0.00109365757695179,0.184895525154462
