statistic,cvrmse,nmbe
mean,32.757355528157795,-10.915103600863368
median,32.49581699083425,-10.897005505007598
std,2.213593474010701,4.634319918282485
min,30.00409314405999,-18.189913783866334
max,36.59927092625351,-4.354327330492429
