experiment_id,engine,ecm,n_samples,saving_abs_mean,saving_abs_median,saving_abs_std,saving_abs_q05,saving_abs_q95,saving_rel_mean,saving_rel_median,saving_rel_std,saving_rel_q05,saving_rel_q95
rc_python_baseline_JUN15,python,ECM-1_setpoint_19C,10,3.4504239006890542,3.4659691714542196,0.07473469671161855,3.3470777082254144,3.5317626685035397,29.16597412673831,29.03196254357961,0.9616933915361352,28.120086634842835,30.625370186996946
rc_python_baseline_JUN15,python,ECM-2_reschedule_8_8_8,10,1.26510144602558,1.2663394012377696,0.06403076507056565,1.181373241265709,1.352250011860822,10.678872652944024,10.695541086353947,0.0985508612168339,10.532139891555541,10.797195789577236
rc_python_baseline_JUN15,python,ECM-3_setpoint_19C_reschedule_8_8_8,10,4.3985631287302445,4.398461322842289,0.10316536051785492,4.275007881042091,4.528962209176716,37.171388715109515,37.020566490745225,0.92393868248027,36.1375109282,38.567590766377656
rc_python_baseline_JUN15,python,ECM-4_setpoint_19C_default_infiltration,10,3.3373264401309286,3.33539403518515,0.49482458275095964,2.693969715385831,4.018478707738905,28.067129170917735,28.168227058572977,3.0066513789619402,24.051990392279976,32.081392147657866
rc_python_baseline_JUN15,python,ECM-5_reschedule_8_8_8_default_infiltration,10,1.1544578474434217,1.1897367744438538,0.506457080344843,0.4742198371647654,1.8405474968136506,9.603393134827197,10.028376455727972,3.8912334214640727,4.220281508787542,14.691339464293002
