statistic,cvrmse,nmbe
mean,33.66833111861255,-10.235392530118935
median,33.502605236943296,-10.209447732420564
std,1.909017439055373,3.9239207576096535
min,31.19951286859923,-18.132492043256555
max,37.78937910603095,-5.120448423959031
