statistic,cvrmse,nmbe
mean,32.17279888448356,-10.604714119790835
median,32.04380889097162,-11.666174525297649
std,2.0785638294573534,6.0032169641386615
min,29.3240466718908,-18.041537565935702
max,35.43648573310022,1.3817273191296702
