statistic,cvrmse,nmbe
mean,28.84207222631983,2.1946752528108076
median,28.80262679634614,1.5380570797822484
std,0.1451293389699502,2.7042219057011994
min,28.691653082958247,-1.2375480409898987
max,29.098879040010022,7.024197025069922
