experiment_id,engine,ecm,n_samples,saving_abs_mean,saving_abs_median,saving_abs_std,saving_abs_q05,saving_abs_q95,saving_rel_mean,saving_rel_median,saving_rel_std,saving_rel_q05,saving_rel_q95
JUN11__ETHlib_3R2C_bldg_LoD_Y,ETHlib_3R2C,ECM-1_setpoint_19C,10,3.1723458208103885,3.235015842879995,0.2557277003773219,2.806134272609576,3.4734482884867086,19.88394455168585,20.621886264444715,1.7806467903835703,17.352646033229696,21.891084389502442
JUN11__ETHlib_3R2C_bldg_LoD_Y,ETHlib_3R2C,ECM-2_reschedule_8_8_8,10,1.4593096614161214,1.4631755568945088,0.05248713377132163,1.377959396031103,1.5296133136873553,9.135293616999546,9.101667305678436,0.11229834344679714,8.998142388058353,9.288865925561073
JUN11__ETHlib_3R2C_bldg_LoD_Y,ETHlib_3R2C,ECM-3_setpoint_19C_reschedule_8_8_8,10,4.465061337484795,4.506977699516012,0.23251061385789176,4.132680694971753,4.746473735911553,27.977528097807244,28.640708492512093,1.6766874486293393,25.569512812120582,29.874719570753328
JUN11__ETHlib_3R2C_bldg_LoD_Y,ETHlib_3R2C,ECM-4_setpoint_19C_default_infiltration,10,4.190265630363231,4.278801270156602,0.5337773441695055,3.5247279362442048,4.919306243269967,26.283112395325315,26.97810409562079,3.6458791690332952,21.610993082655146,30.7531958334854
JUN11__ETHlib_3R2C_bldg_LoD_Y,ETHlib_3R2C,ECM-5_reschedule_8_8_8_default_infiltration,10,2.4550026720504063,2.426573698245253,0.37486984519294464,1.9082881768679338,2.9153246295549966,15.39489734370775,15.261198063091534,2.4647634281058877,11.70455244698527,18.268827944824622
