experiment_id,engine,ecm,n_samples,saving_abs_mean,saving_abs_median,saving_abs_std,saving_abs_q05,saving_abs_q95,saving_rel_mean,saving_rel_median,saving_rel_std,saving_rel_q05,saving_rel_q95
JUN11__ETHlib_3R2C_bldg_LoD_Y,ETHlib_3R2C,ECM-1_setpoint_19C,10,4.307961619249122,4.2757438114388995,0.4524107023715861,3.733568929396144,4.805865851503915,23.854805321147474,24.07187772837633,2.201918601899773,21.09977574668756,26.758754421553494
JUN11__ETHlib_3R2C_bldg_LoD_Y,ETHlib_3R2C,ECM-2_reschedule_8_8_8,10,1.398285931885659,1.3890892837059088,0.12275518818550081,1.2118558990280088,1.5213048711643335,7.747633398954188,7.6706245485506175,0.6468932980832058,7.036244003134989,8.607590440151498
JUN11__ETHlib_3R2C_bldg_LoD_Y,ETHlib_3R2C,ECM-3_setpoint_19C_reschedule_8_8_8,10,6.658271403964944,6.513584455630299,0.4725046727995172,6.0627681937504745,7.216422933344129,36.875595122941334,37.057088061809964,1.9332194432947236,34.54299969866349,39.55782431440435
JUN11__ETHlib_3R2C_bldg_LoD_Y,ETHlib_3R2C,ECM-4_setpoint_19C_default_infiltration,10,2.8074653013417956,2.7918291306982095,0.4935424440541767,2.0990030984053556,3.396436534464569,15.557670557147322,15.770848378015565,2.708900905745307,11.819691992610156,19.061817644058934
JUN11__ETHlib_3R2C_bldg_LoD_Y,ETHlib_3R2C,ECM-5_reschedule_8_8_8_default_infiltration,10,-0.2726636711565675,-0.2919009608817458,0.5012473430575854,-0.8901265055937699,0.47581944721944663,-1.4883982726591636,-1.5468772981605787,2.8828070543265567,-5.098174944697683,2.792907459324841
