experiment_id,engine,ecm,n_samples,saving_abs_mean,saving_abs_median,saving_abs_std,saving_abs_q05,saving_abs_q95,saving_rel_mean,saving_rel_median,saving_rel_std,saving_rel_q05,saving_rel_q95
JUN11__ETHlib_3R2C_bldg_LoD_Y,ETHlib_3R2C,ECM-1_setpoint_19C,10,2.581227907485227,2.5752781494619468,0.3020592160144189,2.1662387311774096,3.038419310934611,22.99738006396268,23.336767794790614,2.4294941399091985,19.196144894587594,25.968031854174004
JUN11__ETHlib_3R2C_bldg_LoD_Y,ETHlib_3R2C,ECM-2_reschedule_8_8_8,10,0.968786285098824,0.969101184039336,0.057181995622747825,0.9031524274345499,1.056565278236954,8.628494018810626,8.560005406283306,0.18285234907205047,8.45655719409218,8.90018885070618
JUN11__ETHlib_3R2C_bldg_LoD_Y,ETHlib_3R2C,ECM-3_setpoint_19C_reschedule_8_8_8,10,3.424075010202789,3.3849990332360935,0.2983041163714368,3.0483570739499553,3.882783127257243,30.508308124061546,30.85457571847525,2.222700224805688,27.02794336237931,33.18784330482753
JUN11__ETHlib_3R2C_bldg_LoD_Y,ETHlib_3R2C,ECM-4_setpoint_19C_default_infiltration,10,1.93129139675928,2.0525263824438156,0.43821160237373874,1.1572854944569648,2.2994295686390216,17.18543838160928,18.417479983495703,3.788908578982748,10.45372146611319,20.18565834482665
JUN11__ETHlib_3R2C_bldg_LoD_Y,ETHlib_3R2C,ECM-5_reschedule_8_8_8_default_infiltration,10,0.33075142934632284,0.35915435854723476,0.26432715374932125,-0.09163042766442028,0.6617882209108478,2.924171096952327,3.3675487457146662,2.3076770990589055,-0.839303046168856,5.561526074612537
