{
  "selection_method": "top_n_by_metric",
  "top_n": 10,
  "metric": "cvrmse",
  "source_uq_json": "_json/_run/JUN11/OAT.json",
  "selected_samples": [
    "sample_027",
    "sample_037",
    "sample_001",
    "sample_038",
    "sample_018",
    "sample_007",
    "sample_002",
    "sample_012",
    "sample_022",
    "sample_026"
  ],
  "parameters": {
    "sample_027": {
      "t_set_heating": 21.023231155083593,
      "window_opening_ach": 0.11641554905420504,
      "infl_rate_m3ph_m2": 3.7110127699571245,
      "atrium_ach": 2.0272775843815487
    },
    "sample_037": {
      "t_set_heating": 21.58028361288902,
      "window_opening_ach": 0.08866512168454055,
      "infl_rate_m3ph_m2": 3.653368620053149,
      "atrium_ach": 1.9847932759752847
    },
    "sample_001": {
      "t_set_heating": 20.918734614901624,
      "window_opening_ach": 0.09280560780123975,
      "infl_rate_m3ph_m2": 3.8628280416017726,
      "atrium_ach": 1.8930263197094064
    },
    "sample_038": {
      "t_set_heating": 21.16391429666797,
      "window_opening_ach": 0.04489193960059835,
      "infl_rate_m3ph_m2": 4.223474161516113,
      "atrium_ach": 2.1710383922816026
    },
    "sample_018": {
      "t_set_heating": 20.891764127370365,
      "window_opening_ach": 0.11281641305383819,
      "infl_rate_m3ph_m2": 3.8157083065436095,
      "atrium_ach": 2.195914713562754
    },
    "sample_007": {
      "t_set_heating": 20.393269732807255,
      "window_opening_ach": 0.16402680646074014,
      "infl_rate_m3ph_m2": 3.7506655799254593,
      "atrium_ach": 1.9695619623421279
    },
    "sample_002": {
      "t_set_heating": 22.0401113784718,
      "window_opening_ach": 0.08012188824181622,
      "infl_rate_m3ph_m2": 3.6047772059601932,
      "atrium_ach": 2.0421393569472306
    },
    "sample_012": {
      "t_set_heating": 20.597612720853505,
      "window_opening_ach": 0.155976178212516,
      "infl_rate_m3ph_m2": 4.112250432419397,
      "atrium_ach": 1.8871167189606977
    },
    "sample_022": {
      "t_set_heating": 21.312615232320944,
      "window_opening_ach": 0.10454976069612179,
      "infl_rate_m3ph_m2": 4.325552812988072,
      "atrium_ach": 1.805381227697486
    },
    "sample_026": {
      "t_set_heating": 20.0645990274757,
      "window_opening_ach": 0.13650146433094626,
      "infl_rate_m3ph_m2": 3.91468260077081,
      "atrium_ach": 2.080308236226523
    }
  }
}